Statement,Header,Field Name,Field Value
Statement,Data,BrokerName,Interactive Brokers Central Europe Zrt.
Statement,Data,BrokerAddress,"Madach Imre ut 13-14, Floor 5, Budapest, 1075, Hungary"
Statement,Data,Title,Activity Statement
Statement,Data,Period,"January 1, 2022 - December 31, 2022"
Statement,Data,WhenGenerated,"2025-12-02, 10:10:00 EST"
Account Information,Header,Field Name,Field Value
Account Information,Data,Name,Demo User
Account Information,Data,Account,U12345678
Account Information,Data,Account Type,Individual
Account Information,Data,Customer Type,Individual
Account Information,Data,Account Capabilities,Cash
Account Information,Data,Base Currency,USD
Net Asset Value,Header,Asset Class,Prior Total,Current Long,Current Short,Current Total,Change
Net Asset Value,Data,Cash,473.34,680.12,0,680.12,206.78
Net Asset Value,Data,Stock,16694.40,21845.50,0,21845.50,5151.10
Net Asset Value,Data,Dividend Accruals,0.00,0.00,0,0.00,0.00
Net Asset Value,Data,Total,17167.74,22525.62,0,22525.62,5357.88
Net Asset Value,Header,Time Weighted Rate of Return
Net Asset Value,Data,14.20%
Change in NAV,Header,Field Name,Field Value
Change in NAV,Data,Starting Value,17167.74
Change in NAV,Data,Mark-to-Market,-1486.20
Change in NAV,Data,Deposits & Withdrawals,6000.00
Change in NAV,Data,Dividends,1056.48
Change in NAV,Data,Withholding Tax,-158.40
Change in NAV,Data,Commissions,-16.00
Change in NAV,Data,Ending Value,22525.62
Mark-to-Market Performance Summary,Header,Asset Category,Symbol,Prior Quantity,Current Quantity,Prior Price,Current Price,Mark-to-Market P/L Position,Mark-to-Market P/L Transaction,Mark-to-Market P/L Commissions,Mark-to-Market P/L Other,Mark-to-Market P/L Total,Code
Mark-to-Market Performance Summary,Data,Stocks,ABBV,0,3,--,161.61,4.83,0.00,-1.00,0,3.83,
Mark-to-Market Performance Summary,Data,Stocks,ADM,0,12,--,92.85,274.20,0.00,-1.00,0,273.20,
Mark-to-Market Performance Summary,Data,Stocks,AFL,0,9,--,71.93,107.37,0.00,-1.00,0,106.37,
Mark-to-Market Performance Summary,Data,Stocks,ALLY,0,12,--,24.45,-186.60,0.00,-1.00,0,-187.60,
Mark-to-Market Performance Summary,Data,Stocks,BAC,0,20,--,33.12,22.40,0.00,-1.00,0,21.40,
Mark-to-Market Performance Summary,Data,Stocks,BBY,0,6,--,80.21,31.26,0.00,-1.00,0,30.26,
Mark-to-Market Performance Summary,Data,Stocks,BEN,0,20,--,26.39,87.80,0.00,-1.00,0,86.80,
Mark-to-Market Performance Summary,Data,Stocks,BKE,48,48,42.50,45.60,148.80,0.00,0.00,0,148.80,
Mark-to-Market Performance Summary,Data,Stocks,CSCO,13,0,63.37,--,-121.81,0.00,-1.00,0,-122.81,
Mark-to-Market Performance Summary,Data,Stocks,CVX,6,6,117.35,179.49,372.84,0.00,0.00,0,372.84,
Mark-to-Market Performance Summary,Data,Stocks,DVN,95,95,44.05,61.51,1658.70,0.00,0.00,0,1658.70,
Mark-to-Market Performance Summary,Data,Stocks,ED,11,11,85.32,95.31,109.89,0.00,0.00,0,109.89,
Mark-to-Market Performance Summary,Data,Stocks,EIX,9,9,68.25,63.62,-41.67,0.00,0.00,0,-41.67,
Mark-to-Market Performance Summary,Data,Stocks,EMR,12,12,92.97,96.05,36.96,0.00,0.00,0,36.96,
Mark-to-Market Performance Summary,Data,Stocks,ETR,5,5,112.68,112.50,-0.90,0.00,0.00,0,-0.90,
Mark-to-Market Performance Summary,Data,Stocks,FITB,12,0,43.55,--,-138.60,0.00,-1.00,0,-139.60,
Mark-to-Market Performance Summary,Data,Stocks,FNF,71,0,52.00,--,-994.00,0.00,-1.00,0,-995.00,
Mark-to-Market Performance Summary,Data,Stocks,GLW,13,0,37.24,--,-81.12,0.00,-1.00,0,-82.12,
Mark-to-Market Performance Summary,Data,Stocks,GPC,4,4,140.20,173.50,133.20,0.00,0.00,0,133.20,
Mark-to-Market Performance Summary,Data,Stocks,HRL,25,25,48.80,45.55,-81.25,0.00,0.00,0,-81.25,
Mark-to-Market Performance Summary,Data,Stocks,JNJ,3,6,171.07,176.65,16.74,-4.42,-1.00,0,11.32,
Mark-to-Market Performance Summary,Data,Stocks,KHC,14,14,35.90,40.71,67.34,0.00,0.00,0,67.34,
Mark-to-Market Performance Summary,Data,Stocks,KO,22,22,59.21,63.61,96.80,0.00,0.00,0,96.80,
Mark-to-Market Performance Summary,Data,Total,,,,,,1366.19,-4.42,-16.00,0,1345.77,
Realized & Unrealized Performance Summary,Header,Asset Category,Symbol,Cost Adj.,Realized S/T Profit,Realized S/T Loss,Realized L/T Profit,Realized L/T Loss,Realized Total,Unrealized S/T Profit,Unrealized S/T Loss,Unrealized L/T Profit,Unrealized L/T Loss,Unrealized Total,Total,Code
Realized & Unrealized Performance Summary,Data,Stocks,ABBV,0,0,0,0,0,0.00,4.83,0,0,0,4.83,4.83,
Realized & Unrealized Performance Summary,Data,Stocks,ADM,0,0,0,0,0,0.00,274.20,0,0,0,274.20,274.20,
Realized & Unrealized Performance Summary,Data,Stocks,AFL,0,0,0,0,0,0.00,107.37,0,0,0,107.37,107.37,
Realized & Unrealized Performance Summary,Data,Stocks,ALLY,0,0,0,0,0,0.00,0,-186.60,0,0,-186.60,-186.60,
Realized & Unrealized Performance Summary,Data,Stocks,BAC,0,0,0,0,0,0.00,21.40,0,0,0,21.40,21.40,
Realized & Unrealized Performance Summary,Data,Stocks,BBY,0,0,0,0,0,0.00,31.26,0,0,0,31.26,31.26,
Realized & Unrealized Performance Summary,Data,Stocks,BEN,0,0,0,0,0,0.00,87.80,0,0,0,87.80,87.80,
Realized & Unrealized Performance Summary,Data,Stocks,BKE,0,0,0,0,0,0.00,1180.80,0,0,0,1180.80,1180.80,
Realized & Unrealized Performance Summary,Data,Stocks,CSCO,0,0,0,188.50,0,188.50,0,0,0,0,0.00,188.50,
Realized & Unrealized Performance Summary,Data,Stocks,CVX,0,0,0,0,0,0.00,566.94,0,0,0,566.94,566.94,
Realized & Unrealized Performance Summary,Data,Stocks,DVN,0,0,0,0,0,0.00,4275.95,0,0,0,4275.95,4275.95,
Realized & Unrealized Performance Summary,Data,Stocks,ED,0,0,0,0,0,0.00,256.41,0,0,0,256.41,256.41,
Realized & Unrealized Performance Summary,Data,Stocks,EIX,0,0,0,0,0,0.00,68.58,0,0,0,68.58,68.58,
Realized & Unrealized Performance Summary,Data,Stocks,EMR,0,0,0,0,0,0.00,66.60,0,0,0,66.60,66.60,
Realized & Unrealized Performance Summary,Data,Stocks,ETR,0,0,0,0,0,0.00,47.50,0,0,0,47.50,47.50,
Realized & Unrealized Performance Summary,Data,Stocks,FITB,0,0,-114.00,0,0,-114.00,0,0,0,0,0.00,-114.00,
Realized & Unrealized Performance Summary,Data,Stocks,FNF,0,0,-497.00,0,0,-497.00,0,0,0,0,0.00,-497.00,
Realized & Unrealized Performance Summary,Data,Stocks,GLW,0,0,-86.26,0,0,-86.26,0,0,0,0,0.00,-86.26,
Realized & Unrealized Performance Summary,Data,Stocks,GPC,0,0,0,0,0,0.00,198.00,0,0,0,198.00,198.00,
Realized & Unrealized Performance Summary,Data,Stocks,HRL,0,0,0,0,0,0.00,51.25,0,0,0,51.25,51.25,
Realized & Unrealized Performance Summary,Data,Stocks,JNJ,0,0,0,0,0,0.00,42.51,0,0,0,42.51,42.51,
Realized & Unrealized Performance Summary,Data,Stocks,KHC,0,0,0,0,0,0.00,58.94,0,0,0,58.94,58.94,
Realized & Unrealized Performance Summary,Data,Stocks,KO,0,0,0,0,0,0.00,123.42,0,0,0,123.42,123.42,
Realized & Unrealized Performance Summary,Data,Total,,0,-697.26,188.50,0,-508.76,7166.97,-186.60,0,0,6980.37,6471.61,
Cash Report,Header,Currency Summary,Currency,Total,
Cash Report,Data,Starting Cash,Base Currency Summary,473.34,
Cash Report,Data,Commissions,Base Currency Summary,-16.00,
Cash Report,Data,Deposits,Base Currency Summary,6000.00,
Cash Report,Data,Dividends,Base Currency Summary,1056.48,
Cash Report,Data,Withholding Tax,Base Currency Summary,-158.40,
Cash Report,Data,Trades (Sales),Base Currency Summary,4187.00,
Cash Report,Data,Trades (Purchase),Base Currency Summary,-10862.30,
Cash Report,Data,Ending Cash,Base Currency Summary,680.12,
Cash Report,Data,Ending Settled Cash,Base Currency Summary,680.12,
Cash Report,Data,Starting Cash,USD,473.34,
Cash Report,Data,Commissions,USD,-16.00,
Cash Report,Data,Deposits,USD,6000.00,
Cash Report,Data,Dividends,USD,1056.48,
Cash Report,Data,Withholding Tax,USD,-158.40,
Cash Report,Data,Trades (Sales),USD,4187.00,
Cash Report,Data,Trades (Purchase),USD,-10862.30,
Cash Report,Data,Ending Cash,USD,680.12,
Cash Report,Data,Ending Settled Cash,USD,680.12,
Open Positions,Header,DataDiscriminator,Asset Category,Currency,Symbol,Quantity,Mult,Cost Price,Cost Basis,Close Price,Value,Unrealized P/L,Code
Open Positions,Data,Summary,Stocks,USD,ABBV,3,1,160.00,480.00,161.61,484.83,4.83,
Open Positions,Data,Summary,Stocks,USD,ADM,12,1,70.00,840.00,92.85,1114.20,274.20,
Open Positions,Data,Summary,Stocks,USD,AFL,9,1,60.00,540.00,71.93,647.37,107.37,
Open Positions,Data,Summary,Stocks,USD,ALLY,12,1,40.00,480.00,24.45,293.40,-186.60,
Open Positions,Data,Summary,Stocks,USD,BAC,20,1,32.00,640.00,33.12,662.40,22.40,
Open Positions,Data,Summary,Stocks,USD,BBY,6,1,75.00,450.00,80.21,481.26,31.26,
Open Positions,Data,Summary,Stocks,USD,BEN,20,1,22.00,440.00,26.39,527.80,87.80,
Open Positions,Data,Summary,Stocks,USD,BKE,48,1,21.00,1008.00,45.60,2188.80,1180.80,
Open Positions,Data,Summary,Stocks,USD,CVX,6,1,85.00,510.00,179.49,1076.94,566.94,
Open Positions,Data,Summary,Stocks,USD,DVN,95,1,16.50,1567.50,61.51,5843.45,4275.95,
Open Positions,Data,Summary,Stocks,USD,ED,11,1,72.00,792.00,95.31,1048.41,256.41,
Open Positions,Data,Summary,Stocks,USD,EIX,9,1,56.00,504.00,63.62,572.58,68.58,
Open Positions,Data,Summary,Stocks,USD,EMR,12,1,90.50,1086.00,96.05,1152.60,66.60,
Open Positions,Data,Summary,Stocks,USD,ETR,5,1,103.00,515.00,112.50,562.50,47.50,
Open Positions,Data,Summary,Stocks,USD,GPC,4,1,124.00,496.00,173.50,694.00,198.00,
Open Positions,Data,Summary,Stocks,USD,HRL,25,1,43.50,1087.50,45.55,1138.75,51.25,
Open Positions,Data,Summary,Stocks,USD,JNJ,6,1,169.50,1017.00,176.65,1059.90,42.90,
Open Positions,Data,Summary,Stocks,USD,KHC,14,1,36.50,511.00,40.71,569.94,58.94,
Open Positions,Data,Summary,Stocks,USD,KO,22,1,58.00,1276.00,63.61,1399.42,123.42,
Open Positions,Total,,Stocks,USD,,,,,21845.50,6980.37,
Trades,Header,DataDiscriminator,Asset Category,Currency,Symbol,Date/Time,Quantity,T. Price,C. Price,Proceeds,Comm/Fee,Basis,Realized P/L,MTM P/L,Code
Trades,Data,Order,Stocks,USD,ADM,"2022-01-14, 10:30:00",12,70.00,69.90,-840.00,-1.00,841.00,0.00,-1.20,O
Trades,SubTotal,,Stocks,USD,ADM,,12,,,-840.00,-1.00,841.00,0.00,-1.20,
Trades,Data,Order,Stocks,USD,AFL,"2022-02-15, 11:00:00",9,60.00,59.95,-540.00,-1.00,541.00,0.00,-0.45,O
Trades,SubTotal,,Stocks,USD,AFL,,9,,,-540.00,-1.00,541.00,0.00,-0.45,
Trades,Data,Order,Stocks,USD,CSCO,"2022-03-15, 14:00:00",-13,54.00,53.90,702.00,-1.00,-513.50,188.50,-1.30,C
Trades,SubTotal,,Stocks,USD,CSCO,,0,,,702.00,-1.00,0.00,188.50,-1.30,
Trades,Data,Order,Stocks,USD,ABBV,"2022-04-15, 14:05:00",3,160.00,159.80,-480.00,-1.00,481.00,0.00,-0.60,O
Trades,SubTotal,,Stocks,USD,ABBV,,3,,,-480.00,-1.00,481.00,0.00,-0.60,
Trades,Data,Order,Stocks,USD,ALLY,"2022-05-16, 10:00:00",12,40.00,39.95,-480.00,-1.00,481.00,0.00,-0.60,O
Trades,SubTotal,,Stocks,USD,ALLY,,12,,,-480.00,-1.00,481.00,0.00,-0.60,
Trades,Data,Order,Stocks,USD,FNF,"2022-06-15, 11:00:00",-71,38.00,37.90,2698.00,-1.00,-3195.00,-497.00,-7.10,C
Trades,SubTotal,,Stocks,USD,FNF,,0,,,2698.00,-1.00,0.00,-497.00,-7.10,
Trades,Data,Order,Stocks,USD,BAC,"2022-07-15, 11:05:00",20,32.00,31.95,-640.00,-1.00,641.00,0.00,-1.00,O
Trades,SubTotal,,Stocks,USD,BAC,,20,,,-640.00,-1.00,641.00,0.00,-1.00,
Trades,Data,Order,Stocks,USD,BBY,"2022-08-15, 12:00:00",6,75.00,74.90,-450.00,-1.00,451.00,0.00,-0.60,O
Trades,SubTotal,,Stocks,USD,BBY,,6,,,-450.00,-1.00,451.00,0.00,-0.60,
Trades,Data,Order,Stocks,USD,GLW,"2022-09-15, 10:00:00",-13,31.00,30.95,403.00,-1.00,-489.26,-86.26,-0.65,C
Trades,SubTotal,,Stocks,USD,GLW,,0,,,403.00,-1.00,0.00,-86.26,-0.65,
Trades,Data,Order,Stocks,USD,BEN,"2022-10-14, 15:00:00",20,22.00,21.95,-440.00,-1.00,441.00,0.00,-1.00,O
Trades,SubTotal,,Stocks,USD,BEN,,20,,,-440.00,-1.00,441.00,0.00,-1.00,
Trades,Data,Order,Stocks,USD,JNJ,"2022-11-15, 15:05:00",3,178.00,177.90,-534.00,-1.00,535.00,0.00,-0.30,O
Trades,SubTotal,,Stocks,USD,JNJ,,3,,,-534.00,-1.00,535.00,0.00,-0.30,
Trades,Data,Order,Stocks,USD,FITB,"2022-12-15, 10:00:00",-12,32.00,31.90,384.00,-1.00,-498.00,-114.00,-1.20,C
Trades,SubTotal,,Stocks,USD,FITB,,0,,,384.00,-1.00,0.00,-114.00,-1.20,
Trades,Total,,Stocks,USD,,,,,,-6675.30,-16.00,5115.00,-508.76,-15.00,
Deposits & Withdrawals,Header,Currency,Settle Date,Description,Amount
Deposits & Withdrawals,Data,USD,2022-01-01,Wire Deposit,500.00
Deposits & Withdrawals,Data,USD,2022-02-01,Wire Deposit,500.00
Deposits & Withdrawals,Data,USD,2022-03-01,Wire Deposit,500.00
Deposits & Withdrawals,Data,USD,2022-04-01,Wire Deposit,500.00
Deposits & Withdrawals,Data,USD,2022-05-01,Wire Deposit,500.00
Deposits & Withdrawals,Data,USD,2022-06-01,Wire Deposit,500.00
Deposits & Withdrawals,Data,USD,2022-07-01,Wire Deposit,500.00
Deposits & Withdrawals,Data,USD,2022-08-01,Wire Deposit,500.00
Deposits & Withdrawals,Data,USD,2022-09-01,Wire Deposit,500.00
Deposits & Withdrawals,Data,USD,2022-10-01,Wire Deposit,500.00
Deposits & Withdrawals,Data,USD,2022-11-01,Wire Deposit,500.00
Deposits & Withdrawals,Data,USD,2022-12-01,Wire Deposit,500.00
Deposits & Withdrawals,Data,Total,,,6000.00
Dividends,Header,Currency,Date,Description,Amount
Dividends,Data,USD,2022-03-30,DVN(US25179M1036) Cash Dividend USD 1.27 per Share (Ordinary Dividend),120.65
Dividends,Data,USD,2022-06-30,DVN(US25179M1036) Cash Dividend USD 1.27 per Share (Ordinary Dividend),120.65
Dividends,Data,USD,2022-09-30,DVN(US25179M1036) Cash Dividend USD 1.55 per Share (Ordinary Dividend),147.25
Dividends,Data,USD,2022-12-30,DVN(US25179M1036) Cash Dividend USD 1.35 per Share (Ordinary Dividend),128.25
Dividends,Data,USD,2022-03-10,CVX(US1667641005) Cash Dividend USD 1.42 per Share (Ordinary Dividend),8.52
Dividends,Data,USD,2022-06-10,CVX(US1667641005) Cash Dividend USD 1.42 per Share (Ordinary Dividend),8.52
Dividends,Data,USD,2022-09-09,CVX(US1667641005) Cash Dividend USD 1.42 per Share (Ordinary Dividend),8.52
Dividends,Data,USD,2022-12-12,CVX(US1667641005) Cash Dividend USD 1.42 per Share (Ordinary Dividend),8.52
Dividends,Data,USD,2022-01-27,BKE(US1182301036) Special Cash Dividend USD 5.65 per Share (Ordinary Dividend),271.20
Dividends,Data,USD,2022-04-29,BKE(US1182301036) Cash Dividend USD 0.35 per Share (Ordinary Dividend),16.80
Dividends,Data,USD,2022-07-29,BKE(US1182301036) Cash Dividend USD 0.35 per Share (Ordinary Dividend),16.80
Dividends,Data,USD,2022-10-28,BKE(US1182301036) Cash Dividend USD 0.35 per Share (Ordinary Dividend),16.80
Dividends,Data,USD,2022-04-01,KO(US1912161007) Cash Dividend USD 0.44 per Share (Ordinary Dividend),9.68
Dividends,Data,USD,2022-07-01,KO(US1912161007) Cash Dividend USD 0.44 per Share (Ordinary Dividend),9.68
Dividends,Data,USD,2022-10-03,KO(US1912161007) Cash Dividend USD 0.44 per Share (Ordinary Dividend),9.68
Dividends,Data,USD,2022-12-15,KO(US1912161007) Cash Dividend USD 0.44 per Share (Ordinary Dividend),9.68
Dividends,Data,USD,2022-03-08,JNJ(US4781601046) Cash Dividend USD 1.06 per Share (Ordinary Dividend),3.18
Dividends,Data,USD,2022-06-07,JNJ(US4781601046) Cash Dividend USD 1.13 per Share (Ordinary Dividend),3.39
Dividends,Data,USD,2022-09-06,JNJ(US4781601046) Cash Dividend USD 1.13 per Share (Ordinary Dividend),3.39
Dividends,Data,USD,2022-12-06,JNJ(US4781601046) Cash Dividend USD 1.13 per Share (Ordinary Dividend),6.78
Dividends,Data,USD,2022-03-25,KHC(US5007541064) Cash Dividend USD 0.40 per Share (Ordinary Dividend),5.60
Dividends,Data,USD,2022-06-24,KHC(US5007541064) Cash Dividend USD 0.40 per Share (Ordinary Dividend),5.60
Dividends,Data,USD,2022-09-23,KHC(US5007541064) Cash Dividend USD 0.40 per Share (Ordinary Dividend),5.60
Dividends,Data,USD,2022-12-16,KHC(US5007541064) Cash Dividend USD 0.40 per Share (Ordinary Dividend),5.60
Dividends,Data,USD,2022-03-15,ED(US2091151041) Cash Dividend USD 0.79 per Share (Ordinary Dividend),8.69
Dividends,Data,USD,2022-06-15,ED(US2091151041) Cash Dividend USD 0.79 per Share (Ordinary Dividend),8.69
Dividends,Data,USD,2022-09-15,ED(US2091151041) Cash Dividend USD 0.79 per Share (Ordinary Dividend),8.69
Dividends,Data,USD,2022-12-15,ED(US2091151041) Cash Dividend USD 0.79 per Share (Ordinary Dividend),8.69
Dividends,Data,USD,2022-01-31,EIX(US2810201077) Cash Dividend USD 0.70 per Share (Ordinary Dividend),6.30
Dividends,Data,USD,2022-04-29,EIX(US2810201077) Cash Dividend USD 0.70 per Share (Ordinary Dividend),6.30
Dividends,Data,USD,2022-07-29,EIX(US2810201077) Cash Dividend USD 0.70 per Share (Ordinary Dividend),6.30
Dividends,Data,USD,2022-10-31,EIX(US2810201077) Cash Dividend USD 0.70 per Share (Ordinary Dividend),6.30
Dividends,Data,USD,2022-02-10,EMR(US2910111044) Cash Dividend USD 0.515 per Share (Ordinary Dividend),6.18
Dividends,Data,USD,2022-05-10,EMR(US2910111044) Cash Dividend USD 0.515 per Share (Ordinary Dividend),6.18
Dividends,Data,USD,2022-08-10,EMR(US2910111044) Cash Dividend USD 0.515 per Share (Ordinary Dividend),6.18
Dividends,Data,USD,2022-11-10,EMR(US2910111044) Cash Dividend USD 0.52 per Share (Ordinary Dividend),6.24
Dividends,Data,Total,,,1056.48
Withholding Tax,Header,Currency,Date,Description,Amount
Withholding Tax,Data,USD,2022-03-30,DVN(US25179M1036) US Tax Withholding,-18.10
Withholding Tax,Data,USD,2022-06-30,DVN(US25179M1036) US Tax Withholding,-18.10
Withholding Tax,Data,USD,2022-09-30,DVN(US25179M1036) US Tax Withholding,-22.09
Withholding Tax,Data,USD,2022-12-30,DVN(US25179M1036) US Tax Withholding,-19.24
Withholding Tax,Data,USD,2022-03-10,CVX(US1667641005) US Tax Withholding,-1.28
Withholding Tax,Data,USD,2022-06-10,CVX(US1667641005) US Tax Withholding,-1.28
Withholding Tax,Data,USD,2022-09-09,CVX(US1667641005) US Tax Withholding,-1.28
Withholding Tax,Data,USD,2022-12-12,CVX(US1667641005) US Tax Withholding,-1.28
Withholding Tax,Data,USD,2022-01-27,BKE(US1182301036) US Tax Withholding,-40.68
Withholding Tax,Data,USD,2022-04-29,BKE(US1182301036) US Tax Withholding,-2.52
Withholding Tax,Data,USD,2022-07-29,BKE(US1182301036) US Tax Withholding,-2.52
Withholding Tax,Data,USD,2022-10-28,BKE(US1182301036) US Tax Withholding,-2.52
Withholding Tax,Data,USD,2022-04-01,KO(US1912161007) US Tax Withholding,-1.45
Withholding Tax,Data,USD,2022-07-01,KO(US1912161007) US Tax Withholding,-1.45
Withholding Tax,Data,USD,2022-10-03,KO(US1912161007) US Tax Withholding,-1.45
Withholding Tax,Data,USD,2022-12-15,KO(US1912161007) US Tax Withholding,-1.45
Withholding Tax,Data,USD,2022-03-08,JNJ(US4781601046) US Tax Withholding,-0.48
Withholding Tax,Data,USD,2022-06-07,JNJ(US4781601046) US Tax Withholding,-0.51
Withholding Tax,Data,USD,2022-09-06,JNJ(US4781601046) US Tax Withholding,-0.51
Withholding Tax,Data,USD,2022-12-06,JNJ(US4781601046) US Tax Withholding,-1.02
Withholding Tax,Data,USD,2022-03-25,KHC(US5007541064) US Tax Withholding,-0.84
Withholding Tax,Data,USD,2022-06-24,KHC(US5007541064) US Tax Withholding,-0.84
Withholding Tax,Data,USD,2022-09-23,KHC(US5007541064) US Tax Withholding,-0.84
Withholding Tax,Data,USD,2022-12-16,KHC(US5007541064) US Tax Withholding,-0.84
Withholding Tax,Data,USD,2022-03-15,ED(US2091151041) US Tax Withholding,-1.30
Withholding Tax,Data,USD,2022-06-15,ED(US2091151041) US Tax Withholding,-1.30
Withholding Tax,Data,USD,2022-09-15,ED(US2091151041) US Tax Withholding,-1.30
Withholding Tax,Data,USD,2022-12-15,ED(US2091151041) US Tax Withholding,-1.30
Withholding Tax,Data,USD,2022-01-31,EIX(US2810201077) US Tax Withholding,-0.95
Withholding Tax,Data,USD,2022-04-29,EIX(US2810201077) US Tax Withholding,-0.95
Withholding Tax,Data,USD,2022-07-29,EIX(US2810201077) US Tax Withholding,-0.95
Withholding Tax,Data,USD,2022-10-31,EIX(US2810201077) US Tax Withholding,-0.95
Withholding Tax,Data,USD,2022-02-10,EMR(US2910111044) US Tax Withholding,-0.93
Withholding Tax,Data,USD,2022-05-10,EMR(US2910111044) US Tax Withholding,-0.93
Withholding Tax,Data,USD,2022-08-10,EMR(US2910111044) US Tax Withholding,-0.93
Withholding Tax,Data,USD,2022-11-10,EMR(US2910111044) US Tax Withholding,-0.94
Withholding Tax,Data,Total,,-158.40
Financial Instrument Information,Header,Asset Category,Symbol,Description,Conid,Security ID,Underlying,Listing Exch,Multiplier,Type,Code
Financial Instrument Information,Data,Stocks,ABBV,ABBVIE INC,123456,US00287Y1091,,NYSE,1,COMMON,
Financial Instrument Information,Data,Stocks,ADM,ARCHER-DANIELS-MIDLAND CO,234567,US0394831020,,NYSE,1,COMMON,
Financial Instrument Information,Data,Stocks,AFL,AFLAC INC,4227,US0010551028,,NYSE,1,COMMON,
Financial Instrument Information,Data,Stocks,ALLY,ALLY FINANCIAL INC,345678,US02005N1000,,NYSE,1,COMMON,
Financial Instrument Information,Data,Stocks,BAC,BANK OF AMERICA CORP,12100,US0605051046,,NYSE,1,COMMON,
Financial Instrument Information,Data,Stocks,BBY,BEST BUY CO INC,456789,US0865161014,,NYSE,1,COMMON,
Financial Instrument Information,Data,Stocks,BEN,FRANKLIN RESOURCES INC,567890,US3546131018,,NYSE,1,COMMON,
Financial Instrument Information,Data,Stocks,BKE,BUCKLE INC/THE,678901,US1182301036,,NYSE,1,COMMON,
Financial Instrument Information,Data,Stocks,CSCO,CISCO SYSTEMS INC,4309,US17275R1023,,NASDAQ,1,COMMON,
Financial Instrument Information,Data,Stocks,CVX,CHEVRON CORP,890123,US1667641005,,NYSE,1,COMMON,
Financial Instrument Information,Data,Stocks,DVN,DEVON ENERGY CORP,901234,US25179M1036,,NYSE,1,COMMON,
Financial Instrument Information,Data,Stocks,ED,CONSOLIDATED EDISON INC,12345,US2091151041,,NYSE,1,COMMON,
Financial Instrument Information,Data,Stocks,EIX,EDISON INTERNATIONAL,23456,US2810201077,,NYSE,1,COMMON,
Financial Instrument Information,Data,Stocks,EMR,EMERSON ELECTRIC CO,34567,US2910111044,,NYSE,1,COMMON,
Financial Instrument Information,Data,Stocks,ETR,ENTERGY CORP,45678,US29364G1031,,NYSE,1,COMMON,
Financial Instrument Information,Data,Stocks,FITB,FIFTH THIRD BANCORP,56789,US3167731005,,NASDAQ,1,COMMON,
Financial Instrument Information,Data,Stocks,FNF,FIDELITY NATIONAL FINANCIAL,67890,US31620R3030,,NYSE,1,COMMON,
Financial Instrument Information,Data,Stocks,GLW,CORNING INC,78901,US2193501051,,NYSE,1,COMMON,
Financial Instrument Information,Data,Stocks,GPC,GENUINE PARTS CO,89012,US3724601055,,NYSE,1,COMMON,
Financial Instrument Information,Data,Stocks,HRL,HORMEL FOODS CORP,90123,US4404521001,,NYSE,1,COMMON,
Financial Instrument Information,Data,Stocks,JNJ,JOHNSON & JOHNSON,01234,US4781601046,,NYSE,1,COMMON,
Financial Instrument Information,Data,Stocks,KHC,KRAFT HEINZ CO/THE,12340,US5007541064,,NASDAQ,1,COMMON,
Financial Instrument Information,Data,Stocks,KO,COCA-COLA CO/THE,23450,US1912161007,,NYSE,1,COMMON,
Codes,Header,Code,Meaning,Code (Cont.),Meaning (Cont.)
Codes,Data,O,Opening Trade,,
Codes,Data,C,Closing Trade,,
Codes,Data,Po,Interest or Dividend Accrual Posting,,
Codes,Data,T,Transfer,,
Notes/Legal Notes,Header,Type,Note
Notes/Legal Notes,Data,Notes,"Stock exchange transactions generally settle on the trade date plus one business day (T+1)..."
Notes/Legal Notes,Data,Legal Notes,"Interactive Brokers Central Europe Zrt. is regulated by the MNB."